sampleName	variation	Location	Allele	Gene	Feature	Consequence
QRVIX515AF	rs2066842	chr16:50710713	T	ENSG00000167207	ENST00000300589	missense_variant
QRVIX515AF	rs2066844	chr16:50712015	T	ENSG00000167207	ENST00000300589	missense_variant
QRVIX515AF	rs2066847	chr16:50729867-50729868	C	ENSG00000167207	ENST00000300589	frameshift_variant
QRVIX516AN	rs2066842	chr16:50710713	T	ENSG00000167207	ENST00000300589	missense_variant
QRVIX517AV	rs2066842	chr16:50710713	T	ENSG00000167207	ENST00000300589	missense_variant
QRVIX518A5	rs2066842	chr16:50710713	T	ENSG00000167207	ENST00000300589	missense_variant
QRVIX518A5	rs2066845	chr16:50722629	C	ENSG00000167207	ENST00000300589	missense_variant
QRVIX518A5	rs2066845	chr16:50722629	C	ENSG00000167207	ENST00000534057	missense_variant
QRVIX518A5	rs2066847	chr16:50729867-50729868	C	ENSG00000167207	ENST00000300589	frameshift_variant
QRVIX519AD	rs2066842	chr16:50710713	T	ENSG00000167207	ENST00000300589	missense_variant
QRVIX519AD	rs2066847	chr16:50729867-50729868	C	ENSG00000167207	ENST00000300589	frameshift_variant
QRVIX522AW	rs2066842	chr16:50710713	T	ENSG00000167207	ENST00000300589	missense_variant
QRVIX523A6	rs2066842	chr16:50710713	T	ENSG00000167207	ENST00000300589	missense_variant
QRVIX523A6	rs5743291	chr16:50723365	A	ENSG00000167207	ENST00000300589	missense_variant
QRVIX523A6	rs5743291	chr16:50723365	A	ENSG00000167207	ENST00000534057	missense_variant
QRVIX523A6	rs2066847	chr16:50729867-50729868	C	ENSG00000167207	ENST00000300589	frameshift_variant
QRVIX526AU	rs2066842	chr16:50710713	T	ENSG00000167207	ENST00000300589	missense_variant
QRVIX527A4	rs2066842	chr16:50710713	T	ENSG00000167207	ENST00000300589	missense_variant
QRVIX528AC	rs2066842	chr16:50710713	T	ENSG00000167207	ENST00000300589	missense_variant
QRVIX528AC	rs2066844	chr16:50712015	T	ENSG00000167207	ENST00000300589	missense_variant
QRVIX528AC	rs2066847	chr16:50729867-50729868	C	ENSG00000167207	ENST00000300589	frameshift_variant
QRVIX531AV	rs201781416	chr16:50723317	G	ENSG00000167207	ENST00000300589	missense_variant
QRVIX531AV	rs201781416	chr16:50723317	G	ENSG00000167207	ENST00000534057	missense_variant
QRVIX532A5	rs199858111	chr16:50711019	T	ENSG00000167207	ENST00000300589	missense_variant
QRVIX532A5	rs5743277	chr16:50712018	T	ENSG00000167207	ENST00000300589	missense_variant
QRVIX533AD	rs2066842	chr16:50710713	T	ENSG00000167207	ENST00000300589	missense_variant
QRVIX533AD	rs61747625	chr16:50712175	T	ENSG00000167207	ENST00000300589	missense_variant
QRVIX533AD	rs2066847	chr16:50729867-50729868	C	ENSG00000167207	ENST00000300589	frameshift_variant
QRVIX534AL	rs2066842	chr16:50710713	T	ENSG00000167207	ENST00000300589	missense_variant
QRVIX534AL	rs2066847	chr16:50729867-50729868	C	ENSG00000167207	ENST00000300589	frameshift_variant
QRVIX535AT	rs2066842	chr16:50710713	T	ENSG00000167207	ENST00000300589	missense_variant
QRVIX535AT	rs2066847	chr16:50729867-50729868	C	ENSG00000167207	ENST00000300589	frameshift_variant
QRVIX536A3	rs2066842	chr16:50710713	T	ENSG00000167207	ENST00000300589	missense_variant
QRVIX536A3	rs2066844	chr16:50712015	T	ENSG00000167207	ENST00000300589	missense_variant
QRVIX538AJ	rs2066842	chr16:50710713	T	ENSG00000167207	ENST00000300589	missense_variant
QRVIX538AJ	rs2066845	chr16:50722629	C	ENSG00000167207	ENST00000300589	missense_variant
QRVIX538AJ	rs2066845	chr16:50722629	C	ENSG00000167207	ENST00000534057	missense_variant
QRVIX540AU	rs2066842	chr16:50710713	T	ENSG00000167207	ENST00000300589	missense_variant
QRVIX543AK	rs2066842	chr16:50710713	T	ENSG00000167207	ENST00000300589	missense_variant
QRVIX543AK	rs2066844	chr16:50712015	T	ENSG00000167207	ENST00000300589	missense_variant
QRVIX543AK	rs5743291	chr16:50723365	A	ENSG00000167207	ENST00000300589	missense_variant
QRVIX543AK	rs5743291	chr16:50723365	A	ENSG00000167207	ENST00000534057	missense_variant
QRVIX544AS	rs5743291	chr16:50723365	A	ENSG00000167207	ENST00000300589	missense_variant
QRVIX544AS	rs5743291	chr16:50723365	A	ENSG00000167207	ENST00000534057	missense_variant
QRVIX546AA	rs2066842	chr16:50710713	T	ENSG00000167207	ENST00000300589	missense_variant
QRVIX547AI	rs2066842	chr16:50710713	T	ENSG00000167207	ENST00000300589	missense_variant
QRVIX550A3	rs2066842	chr16:50710713	T	ENSG00000167207	ENST00000300589	missense_variant
QRVIX550A3	rs2066847	chr16:50729867-50729868	C	ENSG00000167207	ENST00000300589	frameshift_variant
QRVIX551AB	rs2066842	chr16:50710713	T	ENSG00000167207	ENST00000300589	missense_variant
QRVIX551AB	rs2066844	chr16:50712015	T	ENSG00000167207	ENST00000300589	missense_variant
QRVIX552AJ	rs2066842	chr16:50710713	T	ENSG00000167207	ENST00000300589	missense_variant
QRVIX552AJ	rs2066844	chr16:50712015	T	ENSG00000167207	ENST00000300589	missense_variant
QRVIX554A1	rs61747625	chr16:50712175	T	ENSG00000167207	ENST00000300589	missense_variant
QRVIX555A9	rs2066842	chr16:50710713	T	ENSG00000167207	ENST00000300589	missense_variant
QRVIX555A9	rs2066845	chr16:50722629	C	ENSG00000167207	ENST00000300589	missense_variant
QRVIX555A9	rs2066845	chr16:50722629	C	ENSG00000167207	ENST00000534057	missense_variant
QRVIX556AH	rs2066842	chr16:50710713	T	ENSG00000167207	ENST00000300589	missense_variant
QRVIX557AP	rs2066842	chr16:50710713	T	ENSG00000167207	ENST00000300589	missense_variant
QRVIX558AX	rs5743291	chr16:50723365	A	ENSG00000167207	ENST00000300589	missense_variant
QRVIX558AX	rs5743291	chr16:50723365	A	ENSG00000167207	ENST00000534057	missense_variant
QRVIX559A7	rs2066842	chr16:50710713	T	ENSG00000167207	ENST00000300589	missense_variant
QRVIX559A7	rs5743271	chr16:50710777	G	ENSG00000167207	ENST00000300589	missense_variant
QRVIX559A7	rs2066844	chr16:50712015	T	ENSG00000167207	ENST00000300589	missense_variant
QRVIX559A7	rs5743291	chr16:50723365	A	ENSG00000167207	ENST00000300589	missense_variant
QRVIX559A7	rs5743291	chr16:50723365	A	ENSG00000167207	ENST00000534057	missense_variant
QRVIX561AI	rs2066842	chr16:50710713	T	ENSG00000167207	ENST00000300589	missense_variant
QRVIX561AI	chr16_50712235_G/A	chr16:50712235	A	ENSG00000167207	ENST00000300589	missense_variant
QRVIX561AI	chr16_50712235_G/A	chr16:50712235	A	ENSG00000167207	ENST00000524712	missense_variant,NMD_transcript_variant
QRVIX561AI	chr16_50712235_G/A	chr16:50712235	A	ENSG00000167207	ENST00000527052	missense_variant,NMD_transcript_variant
QRVIX561AI	chr16_50712235_G/A	chr16:50712235	A	ENSG00000167207	ENST00000529633	missense_variant,NMD_transcript_variant
QRVIX561AI	chr16_50712235_G/A	chr16:50712235	A	ENSG00000167207	ENST00000534057	missense_variant
QRVIX561AI	chr16_50712235_G/A	chr16:50712235	A	ENSG00000167207	ENST00000534067	missense_variant,NMD_transcript_variant
QRVIX562AQ	rs5743291	chr16:50723365	A	ENSG00000167207	ENST00000300589	missense_variant
QRVIX562AQ	rs5743291	chr16:50723365	A	ENSG00000167207	ENST00000534057	missense_variant
QRVIX564A8	rs2066842	chr16:50710713	T	ENSG00000167207	ENST00000300589	missense_variant
QRVIX564A8	rs5743291	chr16:50723365	A	ENSG00000167207	ENST00000300589	missense_variant
QRVIX564A8	rs5743291	chr16:50723365	A	ENSG00000167207	ENST00000534057	missense_variant
QRVIX564A8	rs2066847	chr16:50729867-50729868	C	ENSG00000167207	ENST00000300589	frameshift_variant
QRVIX567AW	rs2066842	chr16:50710713	T	ENSG00000167207	ENST00000300589	missense_variant
QRVIX567AW	rs2066844	chr16:50712015	T	ENSG00000167207	ENST00000300589	missense_variant
QRVIX568A6	rs2066842	chr16:50710713	T	ENSG00000167207	ENST00000300589	missense_variant
QRVIX568A6	rs2066845	chr16:50722629	C	ENSG00000167207	ENST00000300589	missense_variant
QRVIX568A6	rs2066845	chr16:50722629	C	ENSG00000167207	ENST00000534057	missense_variant
QRVIX568A6	rs2066847	chr16:50729867-50729868	C	ENSG00000167207	ENST00000300589	frameshift_variant
QRVIX569AE	rs2066842	chr16:50710713	T	ENSG00000167207	ENST00000300589	missense_variant
QRVIX569AE	rs5743271	chr16:50710777	G	ENSG00000167207	ENST00000300589	missense_variant
QRVIX569AE	rs5743291	chr16:50723365	A	ENSG00000167207	ENST00000300589	missense_variant
QRVIX569AE	rs5743291	chr16:50723365	A	ENSG00000167207	ENST00000534057	missense_variant
QRVIX569AE	rs2066847	chr16:50729867-50729868	C	ENSG00000167207	ENST00000300589	frameshift_variant
QRVIX570AH	rs2066842	chr16:50710713	T	ENSG00000167207	ENST00000300589	missense_variant
QRVIX570AH	rs5743291	chr16:50723365	A	ENSG00000167207	ENST00000300589	missense_variant
QRVIX570AH	rs5743291	chr16:50723365	A	ENSG00000167207	ENST00000534057	missense_variant
QRVIX570AH	rs2066847	chr16:50729867-50729868	C	ENSG00000167207	ENST00000300589	frameshift_variant
QRVIX572AX	rs2066842	chr16:50710713	T	ENSG00000167207	ENST00000300589	missense_variant
QRVIX573A7	rs2066842	chr16:50710713	T	ENSG00000167207	ENST00000300589	missense_variant
QRVIX573A7	rs2066847	chr16:50729867-50729868	C	ENSG00000167207	ENST00000300589	frameshift_variant
QRVIX574AF	rs2066842	chr16:50710713	T	ENSG00000167207	ENST00000300589	missense_variant
QRVIX575AN	rs2066842	chr16:50710713	T	ENSG00000167207	ENST00000300589	missense_variant
QRVIX575AN	rs2066847	chr16:50729867-50729868	C	ENSG00000167207	ENST00000300589	frameshift_variant
QRVIX576AV	rs2066842	chr16:50710713	T	ENSG00000167207	ENST00000300589	missense_variant
QRVIX576AV	rs61747625	chr16:50712175	T	ENSG00000167207	ENST00000300589	missense_variant
QRVIX576AV	rs2066847	chr16:50729867-50729868	C	ENSG00000167207	ENST00000300589	frameshift_variant
QRVIX577A5	rs2066842	chr16:50710713	T	ENSG00000167207	ENST00000300589	missense_variant
QRVIX577A5	rs104895432	chr16:50711232	A	ENSG00000167207	ENST00000300589	missense_variant
QRVIX580AO	rs2066842	chr16:50710713	T	ENSG00000167207	ENST00000300589	missense_variant
QRVIX580AO	rs2066845	chr16:50722629	C	ENSG00000167207	ENST00000300589	missense_variant
QRVIX580AO	rs2066845	chr16:50722629	C	ENSG00000167207	ENST00000534057	missense_variant
QRVIX580AO	rs5743291	chr16:50723365	A	ENSG00000167207	ENST00000300589	missense_variant
QRVIX580AO	rs5743291	chr16:50723365	A	ENSG00000167207	ENST00000534057	missense_variant
QRVIX581AW	rs2066842	chr16:50710713	T	ENSG00000167207	ENST00000300589	missense_variant
QRVIX583AE	rs5743291	chr16:50723365	A	ENSG00000167207	ENST00000300589	missense_variant
QRVIX583AE	rs5743291	chr16:50723365	A	ENSG00000167207	ENST00000534057	missense_variant
QRVIX584AM	rs2066842	chr16:50710713	T	ENSG00000167207	ENST00000300589	missense_variant
QRVIX584AM	rs2066844	chr16:50712015	T	ENSG00000167207	ENST00000300589	missense_variant
QRVIX585AU	rs2066842	chr16:50710713	T	ENSG00000167207	ENST00000300589	missense_variant
QRVIX585AU	rs2066847	chr16:50729867-50729868	C	ENSG00000167207	ENST00000300589	frameshift_variant
QRVIX586A4	rs2066842	chr16:50710713	T	ENSG00000167207	ENST00000300589	missense_variant
QRVIX586A4	rs2066845	chr16:50722629	C	ENSG00000167207	ENST00000300589	missense_variant
QRVIX586A4	rs2066845	chr16:50722629	C	ENSG00000167207	ENST00000534057	missense_variant
QRVIX587AC	rs2066842	chr16:50710713	T	ENSG00000167207	ENST00000300589	missense_variant
QRVIX587AC	rs2066844	chr16:50712015	T	ENSG00000167207	ENST00000300589	missense_variant
QRVIX588AK	rs5743277	chr16:50712018	T	ENSG00000167207	ENST00000300589	missense_variant
QRVIX588AK	rs104895464	chr16:50712283	A	ENSG00000167207	ENST00000300589	missense_variant
QRVIX588AK	rs104895464	chr16:50712283	A	ENSG00000167207	ENST00000524712	missense_variant,NMD_transcript_variant
QRVIX588AK	rs104895464	chr16:50712283	A	ENSG00000167207	ENST00000527052	missense_variant,NMD_transcript_variant
QRVIX588AK	rs104895464	chr16:50712283	A	ENSG00000167207	ENST00000529633	missense_variant,NMD_transcript_variant
QRVIX588AK	rs104895464	chr16:50712283	A	ENSG00000167207	ENST00000534057	missense_variant
QRVIX588AK	rs104895464	chr16:50712283	A	ENSG00000167207	ENST00000534067	missense_variant,NMD_transcript_variant
QRVIX589AS	rs2066842	chr16:50710713	T	ENSG00000167207	ENST00000300589	missense_variant
QRVIX591A5	rs2066842	chr16:50710713	T	ENSG00000167207	ENST00000300589	missense_variant
QRVIX591A5	chr16_50711886_G/A	chr16:50711886	A	ENSG00000167207	ENST00000300589	missense_variant
QRVIX591A5	rs2066847	chr16:50729867-50729868	C	ENSG00000167207	ENST00000300589	frameshift_variant
QRVIX592AD	rs2066842	chr16:50710713	T	ENSG00000167207	ENST00000300589	missense_variant
QRVIX592AD	rs2066847	chr16:50729867-50729868	C	ENSG00000167207	ENST00000300589	frameshift_variant
QRVIX593AL	rs2066842	chr16:50710713	T	ENSG00000167207	ENST00000300589	missense_variant
QRVIX593AL	rs2066844	chr16:50712015	T	ENSG00000167207	ENST00000300589	missense_variant
QRVIX594AT	rs5743291	chr16:50723365	A	ENSG00000167207	ENST00000300589	missense_variant
QRVIX594AT	rs5743291	chr16:50723365	A	ENSG00000167207	ENST00000534057	missense_variant
QRVIX595A3	rs5743291	chr16:50723365	A	ENSG00000167207	ENST00000300589	missense_variant
QRVIX595A3	rs5743291	chr16:50723365	A	ENSG00000167207	ENST00000534057	missense_variant
QRVIX596AB	rs2066842	chr16:50710713	T	ENSG00000167207	ENST00000300589	missense_variant
QRVIX596AB	rs2066845	chr16:50722629	C	ENSG00000167207	ENST00000300589	missense_variant
QRVIX596AB	rs2066845	chr16:50722629	C	ENSG00000167207	ENST00000534057	missense_variant
QRVIX597AJ	rs5743291	chr16:50723365	A	ENSG00000167207	ENST00000300589	missense_variant
QRVIX597AJ	rs5743291	chr16:50723365	A	ENSG00000167207	ENST00000534057	missense_variant
QRVIX598AR	rs2066842	chr16:50710713	T	ENSG00000167207	ENST00000300589	missense_variant
QRVIX598AR	rs2066844	chr16:50712015	T	ENSG00000167207	ENST00000300589	missense_variant
QRVIX599A1	rs2066842	chr16:50710713	T	ENSG00000167207	ENST00000300589	missense_variant
QRVIX599A1	rs2066844	chr16:50712015	T	ENSG00000167207	ENST00000300589	missense_variant
QRVIX601AG	rs2066842	chr16:50710713	T	ENSG00000167207	ENST00000300589	missense_variant
QRVIX601AG	rs61747625	chr16:50712175	T	ENSG00000167207	ENST00000300589	missense_variant
QRVIX601AG	rs2066847	chr16:50729867-50729868	C	ENSG00000167207	ENST00000300589	frameshift_variant
QRVIX602AO	rs2066842	chr16:50710713	T	ENSG00000167207	ENST00000300589	missense_variant
QRVIX602AO	rs2066845	chr16:50722629	C	ENSG00000167207	ENST00000300589	missense_variant
QRVIX602AO	rs2066845	chr16:50722629	C	ENSG00000167207	ENST00000534057	missense_variant
QRVIX603AW	rs5743291	chr16:50723365	A	ENSG00000167207	ENST00000300589	missense_variant
QRVIX603AW	rs5743291	chr16:50723365	A	ENSG00000167207	ENST00000534057	missense_variant
QRVIX604A6	rs5743291	chr16:50723365	A	ENSG00000167207	ENST00000300589	missense_variant
QRVIX604A6	rs5743291	chr16:50723365	A	ENSG00000167207	ENST00000534057	missense_variant
QRVIX604A6	rs367905706	chr16:50729880	G	ENSG00000167207	ENST00000300589	missense_variant
QRVIX605AE	rs2066842	chr16:50710713	T	ENSG00000167207	ENST00000300589	missense_variant
QRVIX605AE	rs2066847	chr16:50729867-50729868	C	ENSG00000167207	ENST00000300589	frameshift_variant
QRVIX606AM	rs2066842	chr16:50710713	T	ENSG00000167207	ENST00000300589	missense_variant
QRVIX606AM	rs2066845	chr16:50722629	C	ENSG00000167207	ENST00000300589	missense_variant
QRVIX606AM	rs2066845	chr16:50722629	C	ENSG00000167207	ENST00000534057	missense_variant
QRVIX607AU	rs2066842	chr16:50710713	T	ENSG00000167207	ENST00000300589	missense_variant
QRVIX607AU	rs2066844	chr16:50712015	T	ENSG00000167207	ENST00000300589	missense_variant
QRVIX607AU	rs5743277	chr16:50712018	T	ENSG00000167207	ENST00000300589	missense_variant
QRVIX608A4	rs2066842	chr16:50710713	T	ENSG00000167207	ENST00000300589	missense_variant
QRVIX608A4	rs2066847	chr16:50729867-50729868	C	ENSG00000167207	ENST00000300589	frameshift_variant
QRVIX609AC	rs61747625	chr16:50712175	T	ENSG00000167207	ENST00000300589	missense_variant
QRVIX609AC	rs5743291	chr16:50723365	A	ENSG00000167207	ENST00000300589	missense_variant
QRVIX609AC	rs5743291	chr16:50723365	A	ENSG00000167207	ENST00000534057	missense_variant
QRVIX610AF	rs2066842	chr16:50710713	T	ENSG00000167207	ENST00000300589	missense_variant
QRVIX612AV	rs2066842	chr16:50710713	T	ENSG00000167207	ENST00000300589	missense_variant
QRVIX612AV	rs2066844	chr16:50712015	T	ENSG00000167207	ENST00000300589	missense_variant
QRVIX613A5	rs2066842	chr16:50710713	T	ENSG00000167207	ENST00000300589	missense_variant
QRVIX613A5	rs5743277	chr16:50712018	T	ENSG00000167207	ENST00000300589	missense_variant
QRVIX613A5	rs2066847	chr16:50729867-50729868	C	ENSG00000167207	ENST00000300589	frameshift_variant
QRVIX614AD	rs5743291	chr16:50723365	A	ENSG00000167207	ENST00000300589	missense_variant
QRVIX614AD	rs5743291	chr16:50723365	A	ENSG00000167207	ENST00000534057	missense_variant
QRVIX616AT	rs2066842	chr16:50710713	T	ENSG00000167207	ENST00000300589	missense_variant
QRVIX616AT	rs2066847	chr16:50729867-50729868	C	ENSG00000167207	ENST00000300589	frameshift_variant
QRVIX617A3	rs2066842	chr16:50710713	T	ENSG00000167207	ENST00000300589	missense_variant
QRVIX618AB	rs5743291	chr16:50723365	A	ENSG00000167207	ENST00000300589	missense_variant
QRVIX618AB	rs5743291	chr16:50723365	A	ENSG00000167207	ENST00000534057	missense_variant
QRVIX619AJ	rs2066842	chr16:50710713	T	ENSG00000167207	ENST00000300589	missense_variant
QRVIX619AJ	rs104895467	chr16:50716899	G	ENSG00000167207	ENST00000300589	missense_variant
QRVIX621AU	rs104895464	chr16:50712283	A	ENSG00000167207	ENST00000300589	missense_variant
QRVIX621AU	rs104895464	chr16:50712283	A	ENSG00000167207	ENST00000524712	missense_variant,NMD_transcript_variant
QRVIX621AU	rs104895464	chr16:50712283	A	ENSG00000167207	ENST00000527052	missense_variant,NMD_transcript_variant
QRVIX621AU	rs104895464	chr16:50712283	A	ENSG00000167207	ENST00000529633	missense_variant,NMD_transcript_variant
QRVIX621AU	rs104895464	chr16:50712283	A	ENSG00000167207	ENST00000534057	missense_variant
QRVIX621AU	rs104895464	chr16:50712283	A	ENSG00000167207	ENST00000534067	missense_variant,NMD_transcript_variant
QRVIX621AU	rs5743291	chr16:50723365	A	ENSG00000167207	ENST00000300589	missense_variant
QRVIX621AU	rs5743291	chr16:50723365	A	ENSG00000167207	ENST00000534057	missense_variant
QRVIX622A4	rs2066842	chr16:50710713	T	ENSG00000167207	ENST00000300589	missense_variant
QRVIX624AK	rs2066842	chr16:50710713	T	ENSG00000167207	ENST00000300589	missense_variant
QRVIX626A2	rs2066842	chr16:50710713	T	ENSG00000167207	ENST00000300589	missense_variant
QRVIX626A2	rs2066847	chr16:50729867-50729868	C	ENSG00000167207	ENST00000300589	frameshift_variant
QRVIX627AA	rs2066842	chr16:50710713	T	ENSG00000167207	ENST00000300589	missense_variant
QRVIX627AA	rs2066845	chr16:50722629	C	ENSG00000167207	ENST00000300589	missense_variant
QRVIX627AA	rs2066845	chr16:50722629	C	ENSG00000167207	ENST00000534057	missense_variant
QRVIX627AA	rs5743291	chr16:50723365	A	ENSG00000167207	ENST00000300589	missense_variant
QRVIX627AA	rs5743291	chr16:50723365	A	ENSG00000167207	ENST00000534057	missense_variant
QRVIX628AI	rs5743291	chr16:50723365	A	ENSG00000167207	ENST00000300589	missense_variant
QRVIX628AI	rs5743291	chr16:50723365	A	ENSG00000167207	ENST00000534057	missense_variant
QRVIX629AQ	rs2066842	chr16:50710713	T	ENSG00000167207	ENST00000300589	missense_variant
QRVIX629AQ	rs2066844	chr16:50712015	T	ENSG00000167207	ENST00000300589	missense_variant
QRVIX630AT	rs5743291	chr16:50723365	A	ENSG00000167207	ENST00000300589	missense_variant
QRVIX630AT	rs5743291	chr16:50723365	A	ENSG00000167207	ENST00000534057	missense_variant
QRVIX631A3	rs2066842	chr16:50710713	T	ENSG00000167207	ENST00000300589	missense_variant
QRVIX631A3	rs2066845	chr16:50722629	C	ENSG00000167207	ENST00000300589	missense_variant
QRVIX631A3	rs2066845	chr16:50722629	C	ENSG00000167207	ENST00000534057	missense_variant
QRVIX631A3	rs5743291	chr16:50723365	A	ENSG00000167207	ENST00000300589	missense_variant
QRVIX631A3	rs5743291	chr16:50723365	A	ENSG00000167207	ENST00000534057	missense_variant
QRVIX632AB	rs2066842	chr16:50710713	T	ENSG00000167207	ENST00000300589	missense_variant
QRVIX632AB	rs2066844	chr16:50712015	T	ENSG00000167207	ENST00000300589	missense_variant
QRVIX633AJ	rs2066842	chr16:50710713	T	ENSG00000167207	ENST00000300589	missense_variant
QRVIX633AJ	rs2066845	chr16:50722629	C	ENSG00000167207	ENST00000300589	missense_variant
QRVIX633AJ	rs2066845	chr16:50722629	C	ENSG00000167207	ENST00000534057	missense_variant
QRVIX634AR	rs2066842	chr16:50710713	T	ENSG00000167207	ENST00000300589	missense_variant
QRVIX634AR	rs2066847	chr16:50729867-50729868	C	ENSG00000167207	ENST00000300589	frameshift_variant
QRVIX636A9	rs2066842	chr16:50710713	T	ENSG00000167207	ENST00000300589	missense_variant
QRVIX636A9	chr16_50711886_G/A	chr16:50711886	A	ENSG00000167207	ENST00000300589	missense_variant
QRVIX636A9	rs2066847	chr16:50729867-50729868	C	ENSG00000167207	ENST00000300589	frameshift_variant
QRVIX637AH	rs2066842	chr16:50710713	T	ENSG00000167207	ENST00000300589	missense_variant
QRVIX637AH	rs2066844	chr16:50712015	T	ENSG00000167207	ENST00000300589	missense_variant
QRVIX638AP	rs5743277	chr16:50712018	T	ENSG00000167207	ENST00000300589	missense_variant
QRVIX638AP	rs104895464	chr16:50712283	A	ENSG00000167207	ENST00000300589	missense_variant
QRVIX638AP	rs104895464	chr16:50712283	A	ENSG00000167207	ENST00000524712	missense_variant,NMD_transcript_variant
QRVIX638AP	rs104895464	chr16:50712283	A	ENSG00000167207	ENST00000527052	missense_variant,NMD_transcript_variant
QRVIX638AP	rs104895464	chr16:50712283	A	ENSG00000167207	ENST00000529633	missense_variant,NMD_transcript_variant
QRVIX638AP	rs104895464	chr16:50712283	A	ENSG00000167207	ENST00000534057	missense_variant
QRVIX638AP	rs104895464	chr16:50712283	A	ENSG00000167207	ENST00000534067	missense_variant,NMD_transcript_variant
QRVIX639AX	rs2066842	chr16:50710713	T	ENSG00000167207	ENST00000300589	missense_variant
QRVIX639AX	rs61747625	chr16:50712175	T	ENSG00000167207	ENST00000300589	missense_variant
QRVIX639AX	rs2066845	chr16:50722629	C	ENSG00000167207	ENST00000300589	missense_variant
QRVIX639AX	rs2066845	chr16:50722629	C	ENSG00000167207	ENST00000534057	missense_variant
QRVIX640A2	rs2066842	chr16:50710713	T	ENSG00000167207	ENST00000300589	missense_variant
QRVIX640A2	rs2066847	chr16:50729867-50729868	C	ENSG00000167207	ENST00000300589	frameshift_variant
QRVIX641AA	rs5743291	chr16:50723365	A	ENSG00000167207	ENST00000300589	missense_variant
QRVIX641AA	rs5743291	chr16:50723365	A	ENSG00000167207	ENST00000534057	missense_variant
QRVIX643AQ	rs2066842	chr16:50710713	T	ENSG00000167207	ENST00000300589	missense_variant
QRVIX644A0	rs5743291	chr16:50723365	A	ENSG00000167207	ENST00000300589	missense_variant
QRVIX644A0	rs5743291	chr16:50723365	A	ENSG00000167207	ENST00000534057	missense_variant
QRVIX644A0	rs367905706	chr16:50729880	G	ENSG00000167207	ENST00000300589	missense_variant
QRVIX645A8	rs2066842	chr16:50710713	T	ENSG00000167207	ENST00000300589	missense_variant
QRVIX645A8	rs2066845	chr16:50722629	C	ENSG00000167207	ENST00000300589	missense_variant
QRVIX645A8	rs2066845	chr16:50722629	C	ENSG00000167207	ENST00000534057	missense_variant
QRVIX646AG	chr16_50699574_G/A	chr16:50699574	A	ENSG00000167207	ENST00000300589	missense_variant
QRVIX646AG	chr16_50699574_G/A	chr16:50699574	A	ENSG00000167207	ENST00000531674	missense_variant
QRVIX646AG	rs2066842	chr16:50710713	T	ENSG00000167207	ENST00000300589	missense_variant
QRVIX646AG	rs2066847	chr16:50729867-50729868	C	ENSG00000167207	ENST00000300589	frameshift_variant
QRVIX647AO	rs2066842	chr16:50710713	T	ENSG00000167207	ENST00000300589	missense_variant
QRVIX647AO	rs61747625	chr16:50712175	T	ENSG00000167207	ENST00000300589	missense_variant
QRVIX647AO	rs2066847	chr16:50729867-50729868	C	ENSG00000167207	ENST00000300589	frameshift_variant
QRVIX648AW	rs2066842	chr16:50710713	T	ENSG00000167207	ENST00000300589	missense_variant
QRVIX648AW	rs2066844	chr16:50712015	T	ENSG00000167207	ENST00000300589	missense_variant
QRVIX648AW	rs5743291	chr16:50723365	A	ENSG00000167207	ENST00000300589	missense_variant
QRVIX648AW	rs5743291	chr16:50723365	A	ENSG00000167207	ENST00000534057	missense_variant
QRVIX649A6	rs2066842	chr16:50710713	T	ENSG00000167207	ENST00000300589	missense_variant
QRVIX651AH	rs2066842	chr16:50710713	T	ENSG00000167207	ENST00000300589	missense_variant
QRVIX651AH	rs5743277	chr16:50712018	T	ENSG00000167207	ENST00000300589	missense_variant
QRVIX651AH	rs2066847	chr16:50729867-50729868	C	ENSG00000167207	ENST00000300589	frameshift_variant
QRVIX652AP	rs5743291	chr16:50723365	A	ENSG00000167207	ENST00000300589	missense_variant
QRVIX652AP	rs5743291	chr16:50723365	A	ENSG00000167207	ENST00000534057	missense_variant
QRVIX655AF	rs2066842	chr16:50710713	T	ENSG00000167207	ENST00000300589	missense_variant
QRVIX655AF	rs2066844	chr16:50712015	T	ENSG00000167207	ENST00000300589	missense_variant
QRVIX656AN	rs2066842	chr16:50710713	T	ENSG00000167207	ENST00000300589	missense_variant
QRVIX656AN	rs2066844	chr16:50712015	T	ENSG00000167207	ENST00000300589	missense_variant
QRVIX657AV	rs2066842	chr16:50710713	T	ENSG00000167207	ENST00000300589	missense_variant
QRVIX657AV	rs104895467	chr16:50716899	G	ENSG00000167207	ENST00000300589	missense_variant
QRVIX658A5	rs2066842	chr16:50710713	T	ENSG00000167207	ENST00000300589	missense_variant
QRVIX658A5	rs2066847	chr16:50729867-50729868	C	ENSG00000167207	ENST00000300589	frameshift_variant
QRVIX659AD	rs2066842	chr16:50710713	T	ENSG00000167207	ENST00000300589	missense_variant
QRVIX659AD	rs2066847	chr16:50729867-50729868	C	ENSG00000167207	ENST00000300589	frameshift_variant
QRVIX660AG	rs2066842	chr16:50710713	T	ENSG00000167207	ENST00000300589	missense_variant
QRVIX660AG	rs2066845	chr16:50722629	C	ENSG00000167207	ENST00000300589	missense_variant
QRVIX660AG	rs2066845	chr16:50722629	C	ENSG00000167207	ENST00000534057	missense_variant
QRVIX660AG	rs5743291	chr16:50723365	A	ENSG00000167207	ENST00000300589	missense_variant
QRVIX660AG	rs5743291	chr16:50723365	A	ENSG00000167207	ENST00000534057	missense_variant
QRVIX661AO	rs61747625	chr16:50712175	T	ENSG00000167207	ENST00000300589	missense_variant
QRVIX661AO	rs5743291	chr16:50723365	A	ENSG00000167207	ENST00000300589	missense_variant
QRVIX661AO	rs5743291	chr16:50723365	A	ENSG00000167207	ENST00000534057	missense_variant
QRVIX662AW	rs2066842	chr16:50710713	T	ENSG00000167207	ENST00000300589	missense_variant
QRVIX662AW	rs2066847	chr16:50729867-50729868	C	ENSG00000167207	ENST00000300589	frameshift_variant
QRVIX663A6	rs2066842	chr16:50710713	T	ENSG00000167207	ENST00000300589	missense_variant
QRVIX663A6	rs2066845	chr16:50722629	C	ENSG00000167207	ENST00000300589	missense_variant
QRVIX663A6	rs2066845	chr16:50722629	C	ENSG00000167207	ENST00000534057	missense_variant
QRVIX664AE	rs2066842	chr16:50710713	T	ENSG00000167207	ENST00000300589	missense_variant
QRVIX664AE	rs2066844	chr16:50712015	T	ENSG00000167207	ENST00000300589	missense_variant
QRVIX665AM	rs2066842	chr16:50710713	T	ENSG00000167207	ENST00000300589	missense_variant
QRVIX665AM	rs2066847	chr16:50729867-50729868	C	ENSG00000167207	ENST00000300589	frameshift_variant
QRVIX666AU	rs2066842	chr16:50710713	T	ENSG00000167207	ENST00000300589	missense_variant
QRVIX666AU	rs2066845	chr16:50722629	C	ENSG00000167207	ENST00000300589	missense_variant
QRVIX666AU	rs2066845	chr16:50722629	C	ENSG00000167207	ENST00000534057	missense_variant
QRVIX668AC	rs2066842	chr16:50710713	T	ENSG00000167207	ENST00000300589	missense_variant
QRVIX670AN	rs2066842	chr16:50710713	T	ENSG00000167207	ENST00000300589	missense_variant
QRVIX670AN	rs2066847	chr16:50729867-50729868	C	ENSG00000167207	ENST00000300589	frameshift_variant
QRVIX671AV	rs5743277	chr16:50712018	T	ENSG00000167207	ENST00000300589	missense_variant
QRVIX671AV	rs104895464	chr16:50712283	A	ENSG00000167207	ENST00000300589	missense_variant
QRVIX671AV	rs104895464	chr16:50712283	A	ENSG00000167207	ENST00000524712	missense_variant,NMD_transcript_variant
QRVIX671AV	rs104895464	chr16:50712283	A	ENSG00000167207	ENST00000527052	missense_variant,NMD_transcript_variant
QRVIX671AV	rs104895464	chr16:50712283	A	ENSG00000167207	ENST00000529633	missense_variant,NMD_transcript_variant
QRVIX671AV	rs104895464	chr16:50712283	A	ENSG00000167207	ENST00000534057	missense_variant
QRVIX671AV	rs104895464	chr16:50712283	A	ENSG00000167207	ENST00000534067	missense_variant,NMD_transcript_variant
QRVIX673AD	rs2066842	chr16:50710713	T	ENSG00000167207	ENST00000300589	missense_variant
QRVIX673AD	rs2066845	chr16:50722629	C	ENSG00000167207	ENST00000300589	missense_variant
QRVIX673AD	rs2066845	chr16:50722629	C	ENSG00000167207	ENST00000534057	missense_variant
QRVIX673AD	rs5743291	chr16:50723365	A	ENSG00000167207	ENST00000300589	missense_variant
QRVIX673AD	rs5743291	chr16:50723365	A	ENSG00000167207	ENST00000534057	missense_variant
QRVIX674AL	rs2066842	chr16:50710713	T	ENSG00000167207	ENST00000300589	missense_variant
QRVIX674AL	rs2066847	chr16:50729867-50729868	C	ENSG00000167207	ENST00000300589	frameshift_variant
QRVIX675AT	rs2066842	chr16:50710713	T	ENSG00000167207	ENST00000300589	missense_variant
QRVIX675AT	chr16_50711886_G/A	chr16:50711886	A	ENSG00000167207	ENST00000300589	missense_variant
QRVIX675AT	rs2066847	chr16:50729867-50729868	C	ENSG00000167207	ENST00000300589	frameshift_variant
QRVIX676A3	rs5743291	chr16:50723365	A	ENSG00000167207	ENST00000300589	missense_variant
QRVIX676A3	rs5743291	chr16:50723365	A	ENSG00000167207	ENST00000534057	missense_variant
QRVIX677AB	rs2066842	chr16:50710713	T	ENSG00000167207	ENST00000300589	missense_variant
QRVIX677AB	rs61747625	chr16:50712175	T	ENSG00000167207	ENST00000300589	missense_variant
QRVIX677AB	rs2066845	chr16:50722629	C	ENSG00000167207	ENST00000300589	missense_variant
QRVIX677AB	rs2066845	chr16:50722629	C	ENSG00000167207	ENST00000534057	missense_variant
QRVIX678AJ	rs2066842	chr16:50710713	T	ENSG00000167207	ENST00000300589	missense_variant
QRVIX678AJ	rs61747625	chr16:50712175	T	ENSG00000167207	ENST00000300589	missense_variant
QRVIX678AJ	rs2066847	chr16:50729867-50729868	C	ENSG00000167207	ENST00000300589	frameshift_variant
QRVIX680AU	rs2066842	chr16:50710713	T	ENSG00000167207	ENST00000300589	missense_variant
QRVIX680AU	rs61747625	chr16:50712175	T	ENSG00000167207	ENST00000300589	missense_variant
QRVIX680AU	rs2066847	chr16:50729867-50729868	C	ENSG00000167207	ENST00000300589	frameshift_variant
QRVIX681A4	rs2066842	chr16:50710713	T	ENSG00000167207	ENST00000300589	missense_variant
QRVIX683AK	rs2066842	chr16:50710713	T	ENSG00000167207	ENST00000300589	missense_variant
QRVIX683AK	rs2066845	chr16:50722629	C	ENSG00000167207	ENST00000300589	missense_variant
QRVIX683AK	rs2066845	chr16:50722629	C	ENSG00000167207	ENST00000534057	missense_variant
QRVIX684AS	rs5743291	chr16:50723365	A	ENSG00000167207	ENST00000300589	missense_variant
QRVIX684AS	rs5743291	chr16:50723365	A	ENSG00000167207	ENST00000534057	missense_variant
QRVIX684AS	rs367905706	chr16:50729880	G	ENSG00000167207	ENST00000300589	missense_variant
QRVIX685A2	rs2066842	chr16:50710713	T	ENSG00000167207	ENST00000300589	missense_variant
QRVIX685A2	rs5743277	chr16:50712018	T	ENSG00000167207	ENST00000300589	missense_variant
QRVIX685A2	rs2066847	chr16:50729867-50729868	C	ENSG00000167207	ENST00000300589	frameshift_variant
QRVIX686AA	rs2066842	chr16:50710713	T	ENSG00000167207	ENST00000300589	missense_variant
QRVIX686AA	rs2066844	chr16:50712015	T	ENSG00000167207	ENST00000300589	missense_variant
QRVIX686AA	rs5743277	chr16:50712018	T	ENSG00000167207	ENST00000300589	missense_variant
QRVIX687AI	chr16_50699574_G/A	chr16:50699574	A	ENSG00000167207	ENST00000300589	missense_variant
QRVIX687AI	chr16_50699574_G/A	chr16:50699574	A	ENSG00000167207	ENST00000531674	missense_variant
QRVIX687AI	rs2066842	chr16:50710713	T	ENSG00000167207	ENST00000300589	missense_variant
QRVIX687AI	rs2066847	chr16:50729867-50729868	C	ENSG00000167207	ENST00000300589	frameshift_variant
QRVIX689A0	rs2066842	chr16:50710713	T	ENSG00000167207	ENST00000300589	missense_variant
QRVIX689A0	rs2066847	chr16:50729867-50729868	C	ENSG00000167207	ENST00000300589	frameshift_variant
QRVIX690A3	rs2066842	chr16:50710713	T	ENSG00000167207	ENST00000300589	missense_variant
QRVIX690A3	rs2066845	chr16:50722629	C	ENSG00000167207	ENST00000300589	missense_variant
QRVIX690A3	rs2066845	chr16:50722629	C	ENSG00000167207	ENST00000534057	missense_variant
QRVIX691AB	rs2066842	chr16:50710713	T	ENSG00000167207	ENST00000300589	missense_variant
QRVIX691AB	rs2066844	chr16:50712015	T	ENSG00000167207	ENST00000300589	missense_variant
QRVIX691AB	rs5743291	chr16:50723365	A	ENSG00000167207	ENST00000300589	missense_variant
QRVIX691AB	rs5743291	chr16:50723365	A	ENSG00000167207	ENST00000534057	missense_variant
QRVIX692AJ	rs2066842	chr16:50710713	T	ENSG00000167207	ENST00000300589	missense_variant
QRVIX693AR	rs2066842	chr16:50710713	T	ENSG00000167207	ENST00000300589	missense_variant
QRVIX693AR	rs5743291	chr16:50723365	A	ENSG00000167207	ENST00000300589	missense_variant
QRVIX693AR	rs5743291	chr16:50723365	A	ENSG00000167207	ENST00000534057	missense_variant
QRVIX693AR	rs2066847	chr16:50729867-50729868	C	ENSG00000167207	ENST00000300589	frameshift_variant
QRVIX695A9	rs2066842	chr16:50710713	T	ENSG00000167207	ENST00000300589	missense_variant
QRVIX697AP	rs2066842	chr16:50710713	T	ENSG00000167207	ENST00000300589	missense_variant
QRVIX697AP	rs2066844	chr16:50712015	T	ENSG00000167207	ENST00000300589	missense_variant
QRVIX698AX	rs104895444	chr16:50712288	A	ENSG00000167207	ENST00000300589	missense_variant
QRVIX698AX	rs104895444	chr16:50712288	A	ENSG00000167207	ENST00000524712	missense_variant,NMD_transcript_variant
QRVIX698AX	rs104895444	chr16:50712288	A	ENSG00000167207	ENST00000527052	missense_variant,NMD_transcript_variant
QRVIX698AX	rs104895444	chr16:50712288	A	ENSG00000167207	ENST00000529633	missense_variant,NMD_transcript_variant
QRVIX698AX	rs104895444	chr16:50712288	A	ENSG00000167207	ENST00000534057	missense_variant
QRVIX698AX	rs104895444	chr16:50712288	A	ENSG00000167207	ENST00000534067	missense_variant,NMD_transcript_variant
QRVIX698AX	rs5743291	chr16:50723365	A	ENSG00000167207	ENST00000300589	missense_variant
QRVIX698AX	rs5743291	chr16:50723365	A	ENSG00000167207	ENST00000534057	missense_variant
QRVIX699A7	rs2066842	chr16:50710713	T	ENSG00000167207	ENST00000300589	missense_variant
QRVIX699A7	rs2066844	chr16:50712015	T	ENSG00000167207	ENST00000300589	missense_variant
QRVIX700AE	rs104895464	chr16:50712283	A	ENSG00000167207	ENST00000300589	missense_variant
QRVIX700AE	rs104895464	chr16:50712283	A	ENSG00000167207	ENST00000524712	missense_variant,NMD_transcript_variant
QRVIX700AE	rs104895464	chr16:50712283	A	ENSG00000167207	ENST00000527052	missense_variant,NMD_transcript_variant
QRVIX700AE	rs104895464	chr16:50712283	A	ENSG00000167207	ENST00000529633	missense_variant,NMD_transcript_variant
QRVIX700AE	rs104895464	chr16:50712283	A	ENSG00000167207	ENST00000534057	missense_variant
QRVIX700AE	rs104895464	chr16:50712283	A	ENSG00000167207	ENST00000534067	missense_variant,NMD_transcript_variant
QRVIX700AE	rs5743291	chr16:50723365	A	ENSG00000167207	ENST00000300589	missense_variant
QRVIX700AE	rs5743291	chr16:50723365	A	ENSG00000167207	ENST00000534057	missense_variant
QRVIX702AU	rs2066842	chr16:50710713	T	ENSG00000167207	ENST00000300589	missense_variant
QRVIX702AU	rs2066844	chr16:50712015	T	ENSG00000167207	ENST00000300589	missense_variant
QRVIX702AU	chr16_50712208_A/G	chr16:50712208	G	ENSG00000167207	ENST00000300589	missense_variant
QRVIX702AU	chr16_50712208_A/G	chr16:50712208	G	ENSG00000167207	ENST00000524712	missense_variant,NMD_transcript_variant
QRVIX702AU	chr16_50712208_A/G	chr16:50712208	G	ENSG00000167207	ENST00000527052	missense_variant,NMD_transcript_variant
QRVIX702AU	chr16_50712208_A/G	chr16:50712208	G	ENSG00000167207	ENST00000529633	missense_variant,NMD_transcript_variant
QRVIX702AU	chr16_50712208_A/G	chr16:50712208	G	ENSG00000167207	ENST00000534057	missense_variant
QRVIX702AU	chr16_50712208_A/G	chr16:50712208	G	ENSG00000167207	ENST00000534067	missense_variant,NMD_transcript_variant
QRVIX703A4	rs2066842	chr16:50710713	T	ENSG00000167207	ENST00000300589	missense_variant
QRVIX724AQ	rs2066842	chr16:50710713	T	ENSG00000167207	ENST00000300589	missense_variant
QRVIX725A0	rs2066842	chr16:50710713	T	ENSG00000167207	ENST00000300589	missense_variant
QRVIX725A0	rs2066847	chr16:50729867-50729868	C	ENSG00000167207	ENST00000300589	frameshift_variant
QRVIX727AG	rs2066842	chr16:50710713	T	ENSG00000167207	ENST00000300589	missense_variant
QRVIX729AW	rs2066842	chr16:50710713	T	ENSG00000167207	ENST00000300589	missense_variant
QRVIX731A9	rs2066842	chr16:50710713	T	ENSG00000167207	ENST00000300589	missense_variant
QRVIX732AH	rs2066842	chr16:50710713	T	ENSG00000167207	ENST00000300589	missense_variant
QRVIX732AH	rs2066847	chr16:50729867-50729868	C	ENSG00000167207	ENST00000300589	frameshift_variant
QRVIX733AP	rs2066842	chr16:50710713	T	ENSG00000167207	ENST00000300589	missense_variant
QRVIX733AP	rs2066847	chr16:50729867-50729868	C	ENSG00000167207	ENST00000300589	frameshift_variant
QRVIX734AX	rs2066842	chr16:50710713	T	ENSG00000167207	ENST00000300589	missense_variant
QRVIX734AX	rs2066844	chr16:50712015	T	ENSG00000167207	ENST00000300589	missense_variant
QRVIX735A7	rs2066842	chr16:50710713	T	ENSG00000167207	ENST00000300589	missense_variant
QRVIX735A7	rs2066847	chr16:50729867-50729868	C	ENSG00000167207	ENST00000300589	frameshift_variant
QRVIX736AF	rs5743291	chr16:50723365	A	ENSG00000167207	ENST00000300589	missense_variant
QRVIX736AF	rs5743291	chr16:50723365	A	ENSG00000167207	ENST00000534057	missense_variant
QRVIX737AN	rs2066842	chr16:50710713	T	ENSG00000167207	ENST00000300589	missense_variant
QRVIX738AV	rs2066842	chr16:50710713	T	ENSG00000167207	ENST00000300589	missense_variant
QRVIX738AV	rs2066844	chr16:50712015	T	ENSG00000167207	ENST00000300589	missense_variant
QRVIX742AO	rs2066842	chr16:50710713	T	ENSG00000167207	ENST00000300589	missense_variant
QRVIX742AO	rs2066844	chr16:50712015	T	ENSG00000167207	ENST00000300589	missense_variant
QRVIX742AO	rs2066845	chr16:50722629	C	ENSG00000167207	ENST00000300589	missense_variant
QRVIX742AO	rs2066845	chr16:50722629	C	ENSG00000167207	ENST00000534057	missense_variant
QRVIX743AW	rs2066842	chr16:50710713	T	ENSG00000167207	ENST00000300589	missense_variant
QRVIX744A6	rs5743291	chr16:50723365	A	ENSG00000167207	ENST00000300589	missense_variant
QRVIX744A6	rs5743291	chr16:50723365	A	ENSG00000167207	ENST00000534057	missense_variant
QRVIX745AE	rs2066842	chr16:50710713	T	ENSG00000167207	ENST00000300589	missense_variant
QRVIX745AE	rs5743291	chr16:50723365	A	ENSG00000167207	ENST00000300589	missense_variant
QRVIX745AE	rs5743291	chr16:50723365	A	ENSG00000167207	ENST00000534057	missense_variant
QRVIX746AM	rs117836686	chr16:50710657	G	ENSG00000167207	ENST00000300589	missense_variant
QRVIX746AM	rs2066842	chr16:50710713	T	ENSG00000167207	ENST00000300589	missense_variant
QRVIX747AU	rs2066842	chr16:50710713	T	ENSG00000167207	ENST00000300589	missense_variant
QRVIX747AU	rs5743291	chr16:50723365	A	ENSG00000167207	ENST00000300589	missense_variant
QRVIX747AU	rs5743291	chr16:50723365	A	ENSG00000167207	ENST00000534057	missense_variant
QRVIX748A4	rs5743291	chr16:50723365	A	ENSG00000167207	ENST00000300589	missense_variant
QRVIX748A4	rs5743291	chr16:50723365	A	ENSG00000167207	ENST00000534057	missense_variant
QRVIX750AF	rs5743277	chr16:50712018	T	ENSG00000167207	ENST00000300589	missense_variant
QRVIX752AV	rs2066842	chr16:50710713	T	ENSG00000167207	ENST00000300589	missense_variant
QRVIX753A5	rs2066842	chr16:50710713	T	ENSG00000167207	ENST00000300589	missense_variant
QRVIX754AD	rs2066842	chr16:50710713	T	ENSG00000167207	ENST00000300589	missense_variant
QRVIX754AD	rs114664276	chr16:50711962	A	ENSG00000167207	ENST00000300589	missense_variant
QRVIX754AD	rs2066847	chr16:50729867-50729868	C	ENSG00000167207	ENST00000300589	frameshift_variant
QRVIX755AL	rs2066842	chr16:50710713	T	ENSG00000167207	ENST00000300589	missense_variant
QRVIX755AL	rs2066847	chr16:50729867-50729868	C	ENSG00000167207	ENST00000300589	frameshift_variant
QRVIX756AT	rs2066842	chr16:50710713	T	ENSG00000167207	ENST00000300589	missense_variant
QRVIX756AT	rs2066847	chr16:50729867-50729868	C	ENSG00000167207	ENST00000300589	frameshift_variant
QRVIX757A3	rs2066842	chr16:50710713	T	ENSG00000167207	ENST00000300589	missense_variant
QRVIX758AB	rs2066842	chr16:50710713	T	ENSG00000167207	ENST00000300589	missense_variant
QRVIX759AJ	rs2066842	chr16:50710713	T	ENSG00000167207	ENST00000300589	missense_variant
QRVIX760AM	rs5743291	chr16:50723365	A	ENSG00000167207	ENST00000300589	missense_variant
QRVIX760AM	rs5743291	chr16:50723365	A	ENSG00000167207	ENST00000534057	missense_variant
QRVIX762A4	rs5743291	chr16:50723365	A	ENSG00000167207	ENST00000300589	missense_variant
QRVIX762A4	rs5743291	chr16:50723365	A	ENSG00000167207	ENST00000534057	missense_variant
QRVIX763AC	rs2066842	chr16:50710713	T	ENSG00000167207	ENST00000300589	missense_variant
QRVIX764AK	rs2066842	chr16:50710713	T	ENSG00000167207	ENST00000300589	missense_variant
QRVIX764AK	rs104895467	chr16:50716899	G	ENSG00000167207	ENST00000300589	missense_variant
QRVIX764AK	rs2066845	chr16:50722629	C	ENSG00000167207	ENST00000300589	missense_variant
QRVIX764AK	rs2066845	chr16:50722629	C	ENSG00000167207	ENST00000534057	missense_variant
QRVIX765AS	rs2066842	chr16:50710713	T	ENSG00000167207	ENST00000300589	missense_variant
QRVIX766A2	rs61755182	chr16:50707880	T	ENSG00000167207	ENST00000300589	missense_variant
QRVIX766A2	rs2066842	chr16:50710713	T	ENSG00000167207	ENST00000300589	missense_variant
QRVIX766A2	chr16_50722630_G/A	chr16:50722630	A	ENSG00000167207	ENST00000300589	missense_variant
QRVIX766A2	chr16_50722630_G/A	chr16:50722630	A	ENSG00000167207	ENST00000534057	missense_variant
QRVIX767AA	rs2066842	chr16:50710713	T	ENSG00000167207	ENST00000300589	missense_variant
QRVIX772AB	rs2066842	chr16:50710713	T	ENSG00000167207	ENST00000300589	missense_variant
QRVIX772AB	rs2066844	chr16:50712015	T	ENSG00000167207	ENST00000300589	missense_variant
QRVIX772AB	rs2066847	chr16:50729867-50729868	C	ENSG00000167207	ENST00000300589	frameshift_variant
QRVIX774AR	rs2066842	chr16:50710713	T	ENSG00000167207	ENST00000300589	missense_variant
QRVIX774AR	rs2066845	chr16:50722629	C	ENSG00000167207	ENST00000300589	missense_variant
QRVIX774AR	rs2066845	chr16:50722629	C	ENSG00000167207	ENST00000534057	missense_variant
QRVIX774AR	rs5743291	chr16:50723365	A	ENSG00000167207	ENST00000300589	missense_variant
QRVIX774AR	rs5743291	chr16:50723365	A	ENSG00000167207	ENST00000534057	missense_variant
QRVIX775A1	rs2066842	chr16:50710713	T	ENSG00000167207	ENST00000300589	missense_variant
QRVIX775A1	rs104895467	chr16:50716899	G	ENSG00000167207	ENST00000300589	missense_variant
QRVIX776A9	rs2066842	chr16:50710713	T	ENSG00000167207	ENST00000300589	missense_variant
QRVIX776A9	rs2066847	chr16:50729867-50729868	C	ENSG00000167207	ENST00000300589	frameshift_variant
QRVIX777AH	rs2066842	chr16:50710713	T	ENSG00000167207	ENST00000300589	missense_variant
QRVIX777AH	rs2066847	chr16:50729867-50729868	C	ENSG00000167207	ENST00000300589	frameshift_variant
QRVIX778AP	rs2066842	chr16:50710713	T	ENSG00000167207	ENST00000300589	missense_variant
QRVIX778AP	rs2066847	chr16:50729867-50729868	C	ENSG00000167207	ENST00000300589	frameshift_variant
QRVIX779AX	rs2066842	chr16:50710713	T	ENSG00000167207	ENST00000300589	missense_variant
QRVIX781AA	rs2066842	chr16:50710713	T	ENSG00000167207	ENST00000300589	missense_variant
QRVIX781AA	rs2066847	chr16:50729867-50729868	C	ENSG00000167207	ENST00000300589	frameshift_variant
QRVIX782AI	rs5743291	chr16:50723365	A	ENSG00000167207	ENST00000300589	missense_variant
QRVIX782AI	rs5743291	chr16:50723365	A	ENSG00000167207	ENST00000534057	missense_variant
QRVIX782AI	rs367905706	chr16:50729880	G	ENSG00000167207	ENST00000300589	missense_variant
QRVIX791AH	rs2066842	chr16:50710713	T	ENSG00000167207	ENST00000300589	missense_variant
QRVIX791AH	rs2066845	chr16:50722629	C	ENSG00000167207	ENST00000300589	missense_variant
QRVIX791AH	rs2066845	chr16:50722629	C	ENSG00000167207	ENST00000534057	missense_variant
QRVIX791AH	rs5743291	chr16:50723365	A	ENSG00000167207	ENST00000300589	missense_variant
QRVIX791AH	rs5743291	chr16:50723365	A	ENSG00000167207	ENST00000534057	missense_variant
QRVIX792AP	rs5743291	chr16:50723365	A	ENSG00000167207	ENST00000300589	missense_variant
QRVIX792AP	rs5743291	chr16:50723365	A	ENSG00000167207	ENST00000534057	missense_variant
QRVIX794A7	rs2066842	chr16:50710713	T	ENSG00000167207	ENST00000300589	missense_variant
QRVIX794A7	rs61747625	chr16:50712175	T	ENSG00000167207	ENST00000300589	missense_variant
QRVIX794A7	rs2066845	chr16:50722629	C	ENSG00000167207	ENST00000300589	missense_variant
QRVIX794A7	rs2066845	chr16:50722629	C	ENSG00000167207	ENST00000534057	missense_variant
QRVIX795AF	rs2066842	chr16:50710713	T	ENSG00000167207	ENST00000300589	missense_variant
QRVIX796AN	chr16_50699574_G/A	chr16:50699574	A	ENSG00000167207	ENST00000300589	missense_variant
QRVIX796AN	chr16_50699574_G/A	chr16:50699574	A	ENSG00000167207	ENST00000531674	missense_variant
QRVIX796AN	rs2066842	chr16:50710713	T	ENSG00000167207	ENST00000300589	missense_variant
QRVIX796AN	rs2066847	chr16:50729867-50729868	C	ENSG00000167207	ENST00000300589	frameshift_variant
QRVIX797AV	rs2066842	chr16:50710713	T	ENSG00000167207	ENST00000300589	missense_variant
QRVIX797AV	rs2066847	chr16:50729867-50729868	C	ENSG00000167207	ENST00000300589	frameshift_variant
QRVIX797AV	rs367905706	chr16:50729880	G	ENSG00000167207	ENST00000300589	missense_variant
QRVIX798A5	rs2066842	chr16:50710713	T	ENSG00000167207	ENST00000300589	missense_variant
QRVIX317BS	rs5743291	chr16:50723365	A	ENSG00000167207	ENST00000300589	missense_variant
QRVIX317BS	rs5743291	chr16:50723365	A	ENSG00000167207	ENST00000534057	missense_variant
QRVIX318B2	rs2066842	chr16:50710713	T	ENSG00000167207	ENST00000300589	missense_variant
QRVIX318B2	rs104895427	chr16:50710842	T	ENSG00000167207	ENST00000300589	missense_variant
QRVIX318B2	rs2066844	chr16:50712015	T	ENSG00000167207	ENST00000300589	missense_variant
QRVIX318B2	rs5743277	chr16:50712018	T	ENSG00000167207	ENST00000300589	missense_variant
QRVIX320BD	rs2066842	chr16:50710713	T	ENSG00000167207	ENST00000300589	missense_variant
QRVIX320BD	rs2066844	chr16:50712015	T	ENSG00000167207	ENST00000300589	missense_variant
QRVIX321BL	rs2066842	chr16:50710713	T	ENSG00000167207	ENST00000300589	missense_variant
QRVIX321BL	rs2066847	chr16:50729867-50729868	C	ENSG00000167207	ENST00000300589	frameshift_variant
QRVIX324BB	rs2066842	chr16:50710713	T	ENSG00000167207	ENST00000300589	missense_variant
QRVIX324BB	rs2066847	chr16:50729867-50729868	C	ENSG00000167207	ENST00000300589	frameshift_variant
QRVIX325BJ	rs2066842	chr16:50710713	T	ENSG00000167207	ENST00000300589	missense_variant
QRVIX325BJ	rs2066844	chr16:50712015	T	ENSG00000167207	ENST00000300589	missense_variant
QRVIX326BR	rs2066842	chr16:50710713	T	ENSG00000167207	ENST00000300589	missense_variant
QRVIX326BR	rs2066845	chr16:50722629	T	ENSG00000167207	ENST00000300589	missense_variant
QRVIX326BR	rs2066845	chr16:50722629	T	ENSG00000167207	ENST00000534057	missense_variant
QRVIX326BR	rs2066847	chr16:50729867-50729868	C	ENSG00000167207	ENST00000300589	frameshift_variant
QRVIX327B1	rs2066842	chr16:50710713	T	ENSG00000167207	ENST00000300589	missense_variant
QRVIX327B1	rs2066847	chr16:50729867-50729868	C	ENSG00000167207	ENST00000300589	frameshift_variant
QRVIX328B9	rs5743291	chr16:50723365	A	ENSG00000167207	ENST00000300589	missense_variant
QRVIX328B9	rs5743291	chr16:50723365	A	ENSG00000167207	ENST00000534057	missense_variant
QRVIX329BH	rs2066842	chr16:50710713	T	ENSG00000167207	ENST00000300589	missense_variant
QRVIX329BH	rs5743291	chr16:50723365	A	ENSG00000167207	ENST00000300589	missense_variant
QRVIX329BH	rs5743291	chr16:50723365	A	ENSG00000167207	ENST00000534057	missense_variant
QRVIX329BH	rs2066847	chr16:50729867-50729868	C	ENSG00000167207	ENST00000300589	frameshift_variant
QRVIX330BK	rs2066842	chr16:50710713	T	ENSG00000167207	ENST00000300589	missense_variant
QRVIX332B2	rs5743291	chr16:50723365	A	ENSG00000167207	ENST00000300589	missense_variant
QRVIX332B2	rs5743291	chr16:50723365	A	ENSG00000167207	ENST00000534057	missense_variant
QRVIX335BQ	rs2066842	chr16:50710713	T	ENSG00000167207	ENST00000300589	missense_variant
QRVIX336B0	rs2066842	chr16:50710713	T	ENSG00000167207	ENST00000300589	missense_variant
QRVIX337B8	rs2066842	chr16:50710713	T	ENSG00000167207	ENST00000300589	missense_variant
QRVIX337B8	rs2066847	chr16:50729867-50729868	C	ENSG00000167207	ENST00000300589	frameshift_variant
QRVIX338BG	rs2066842	chr16:50710713	T	ENSG00000167207	ENST00000300589	missense_variant
QRVIX339BO	rs5743291	chr16:50723365	A	ENSG00000167207	ENST00000300589	missense_variant
QRVIX339BO	rs5743291	chr16:50723365	A	ENSG00000167207	ENST00000534057	missense_variant
QRVIX340BR	rs2066842	chr16:50710713	T	ENSG00000167207	ENST00000300589	missense_variant
QRVIX340BR	rs2066844	chr16:50712015	T	ENSG00000167207	ENST00000300589	missense_variant
QRVIX341B1	rs2066842	chr16:50710713	T	ENSG00000167207	ENST00000300589	missense_variant
QRVIX341B1	rs2066844	chr16:50712015	T	ENSG00000167207	ENST00000300589	missense_variant
QRVIX341B1	rs2066847	chr16:50729867-50729868	C	ENSG00000167207	ENST00000300589	frameshift_variant
QRVIX342B9	rs104895427	chr16:50710842	T	ENSG00000167207	ENST00000300589	missense_variant
QRVIX342B9	rs5743277	chr16:50712018	T	ENSG00000167207	ENST00000300589	missense_variant
QRVIX343BH	rs2066842	chr16:50710713	T	ENSG00000167207	ENST00000300589	missense_variant
QRVIX344BP	rs2066842	chr16:50710713	T	ENSG00000167207	ENST00000300589	missense_variant
QRVIX344BP	rs2066844	chr16:50712015	T	ENSG00000167207	ENST00000300589	missense_variant
QRVIX345BX	rs2066842	chr16:50710713	T	ENSG00000167207	ENST00000300589	missense_variant
QRVIX345BX	rs2066847	chr16:50729867-50729868	C	ENSG00000167207	ENST00000300589	frameshift_variant
QRVIX346B7	rs2066842	chr16:50710713	T	ENSG00000167207	ENST00000300589	missense_variant
QRVIX346B7	rs2066844	chr16:50712015	T	ENSG00000167207	ENST00000300589	missense_variant
QRVIX346B7	rs5743291	chr16:50723365	A	ENSG00000167207	ENST00000300589	missense_variant
QRVIX346B7	rs5743291	chr16:50723365	A	ENSG00000167207	ENST00000534057	missense_variant
QRVIX349BV	rs201586544	chr16:50699554	T	ENSG00000167207	ENST00000300589	missense_variant
QRVIX349BV	rs201586544	chr16:50699554	T	ENSG00000167207	ENST00000531674	missense_variant
QRVIX349BV	rs2066842	chr16:50710713	T	ENSG00000167207	ENST00000300589	missense_variant
QRVIX349BV	rs2066844	chr16:50712015	T	ENSG00000167207	ENST00000300589	missense_variant
QRVIX349BV	rs2066847	chr16:50729867-50729868	C	ENSG00000167207	ENST00000300589	frameshift_variant
QRVIX350B0	rs5743291	chr16:50723365	A	ENSG00000167207	ENST00000300589	missense_variant
QRVIX350B0	rs5743291	chr16:50723365	A	ENSG00000167207	ENST00000534057	missense_variant
QRVIX350B0	rs2066847	chr16:50729867-50729868	C	ENSG00000167207	ENST00000300589	frameshift_variant
QRVIX356BE	rs5743291	chr16:50723365	A	ENSG00000167207	ENST00000300589	missense_variant
QRVIX356BE	rs5743291	chr16:50723365	A	ENSG00000167207	ENST00000534057	missense_variant
QRVIX357BM	rs5743291	chr16:50723365	A	ENSG00000167207	ENST00000300589	missense_variant
QRVIX357BM	rs5743291	chr16:50723365	A	ENSG00000167207	ENST00000534057	missense_variant
QRVIX358BU	rs5743291	chr16:50723365	A	ENSG00000167207	ENST00000300589	missense_variant
QRVIX358BU	rs5743291	chr16:50723365	A	ENSG00000167207	ENST00000534057	missense_variant
QRVIX359B4	rs2066842	chr16:50710713	T	ENSG00000167207	ENST00000300589	missense_variant
QRVIX359B4	rs2066844	chr16:50712015	T	ENSG00000167207	ENST00000300589	missense_variant
QRVIX360B7	rs2066842	chr16:50710713	T	ENSG00000167207	ENST00000300589	missense_variant
QRVIX361BF	rs2066842	chr16:50710713	T	ENSG00000167207	ENST00000300589	missense_variant
QRVIX362BN	rs104895431	chr16:50711203	T	ENSG00000167207	ENST00000300589	missense_variant
QRVIX362BN	rs104895444	chr16:50712288	A	ENSG00000167207	ENST00000300589	missense_variant
QRVIX362BN	rs104895444	chr16:50712288	A	ENSG00000167207	ENST00000524712	missense_variant,NMD_transcript_variant
QRVIX362BN	rs104895444	chr16:50712288	A	ENSG00000167207	ENST00000527052	missense_variant,NMD_transcript_variant
QRVIX362BN	rs104895444	chr16:50712288	A	ENSG00000167207	ENST00000529633	missense_variant,NMD_transcript_variant
QRVIX362BN	rs104895444	chr16:50712288	A	ENSG00000167207	ENST00000534057	missense_variant
QRVIX362BN	rs104895444	chr16:50712288	A	ENSG00000167207	ENST00000534067	missense_variant,NMD_transcript_variant
QRVIX363BV	rs2066842	chr16:50710713	T	ENSG00000167207	ENST00000300589	missense_variant
QRVIX364B5	rs2066842	chr16:50710713	T	ENSG00000167207	ENST00000300589	missense_variant
QRVIX366BL	rs61755182	chr16:50707880	T	ENSG00000167207	ENST00000300589	missense_variant
QRVIX366BL	rs2066842	chr16:50710713	T	ENSG00000167207	ENST00000300589	missense_variant
QRVIX366BL	rs2066845	chr16:50722629	C	ENSG00000167207	ENST00000300589	missense_variant
QRVIX366BL	rs2066845	chr16:50722629	C	ENSG00000167207	ENST00000534057	missense_variant
QRVIX369BB	rs2066842	chr16:50710713	T	ENSG00000167207	ENST00000300589	missense_variant
QRVIX370BE	rs2066842	chr16:50710713	T	ENSG00000167207	ENST00000300589	missense_variant
QRVIX370BE	rs2066844	chr16:50712015	T	ENSG00000167207	ENST00000300589	missense_variant
QRVIX370BE	rs5743291	chr16:50723365	A	ENSG00000167207	ENST00000300589	missense_variant
QRVIX370BE	rs5743291	chr16:50723365	A	ENSG00000167207	ENST00000534057	missense_variant
QRVIX372BU	rs2066842	chr16:50710713	T	ENSG00000167207	ENST00000300589	missense_variant
QRVIX372BU	rs2066845	chr16:50722629	C	ENSG00000167207	ENST00000300589	missense_variant
QRVIX372BU	rs2066845	chr16:50722629	C	ENSG00000167207	ENST00000534057	missense_variant
QRVIX374BC	rs104895432	chr16:50711232	A	ENSG00000167207	ENST00000300589	missense_variant
QRVIX375BK	rs2066842	chr16:50710713	T	ENSG00000167207	ENST00000300589	missense_variant
QRVIX375BK	rs2066847	chr16:50729867-50729868	C	ENSG00000167207	ENST00000300589	frameshift_variant
QRVIX376BS	rs2066842	chr16:50710713	T	ENSG00000167207	ENST00000300589	missense_variant
QRVIX376BS	rs5743291	chr16:50723365	A	ENSG00000167207	ENST00000300589	missense_variant
QRVIX376BS	rs5743291	chr16:50723365	A	ENSG00000167207	ENST00000534057	missense_variant
QRVIX376BS	rs2066847	chr16:50729867-50729868	C	ENSG00000167207	ENST00000300589	frameshift_variant
QRVIX377B2	rs2066842	chr16:50710713	T	ENSG00000167207	ENST00000300589	missense_variant
QRVIX377B2	rs2066847	chr16:50729867-50729868	C	ENSG00000167207	ENST00000300589	frameshift_variant
QRVIX379BI	rs104895464	chr16:50712283	A	ENSG00000167207	ENST00000300589	missense_variant
QRVIX379BI	rs104895464	chr16:50712283	A	ENSG00000167207	ENST00000524712	missense_variant,NMD_transcript_variant
QRVIX379BI	rs104895464	chr16:50712283	A	ENSG00000167207	ENST00000527052	missense_variant,NMD_transcript_variant
QRVIX379BI	rs104895464	chr16:50712283	A	ENSG00000167207	ENST00000529633	missense_variant,NMD_transcript_variant
QRVIX379BI	rs104895464	chr16:50712283	A	ENSG00000167207	ENST00000534057	missense_variant
QRVIX379BI	rs104895464	chr16:50712283	A	ENSG00000167207	ENST00000534067	missense_variant,NMD_transcript_variant
QRVIX381BT	rs2066842	chr16:50710713	T	ENSG00000167207	ENST00000300589	missense_variant
QRVIX382B3	rs2066842	chr16:50710713	T	ENSG00000167207	ENST00000300589	missense_variant
QRVIX382B3	rs5743291	chr16:50723365	A	ENSG00000167207	ENST00000300589	missense_variant
QRVIX382B3	rs5743291	chr16:50723365	A	ENSG00000167207	ENST00000534057	missense_variant
QRVIX382B3	rs2066847	chr16:50729867-50729868	C	ENSG00000167207	ENST00000300589	frameshift_variant
QRVIX383BB	rs2066842	chr16:50710713	T	ENSG00000167207	ENST00000300589	missense_variant
QRVIX383BB	rs2066844	chr16:50712015	T	ENSG00000167207	ENST00000300589	missense_variant
QRVIX384BJ	rs5743291	chr16:50723365	A	ENSG00000167207	ENST00000300589	missense_variant
QRVIX384BJ	rs5743291	chr16:50723365	A	ENSG00000167207	ENST00000534057	missense_variant
QRVIX385BR	rs2066842	chr16:50710713	T	ENSG00000167207	ENST00000300589	missense_variant
QRVIX385BR	rs2066847	chr16:50729867-50729868	C	ENSG00000167207	ENST00000300589	frameshift_variant
QRVIX386B1	rs2066842	chr16:50710713	T	ENSG00000167207	ENST00000300589	missense_variant
QRVIX386B1	rs2066844	chr16:50712015	T	ENSG00000167207	ENST00000300589	missense_variant
QRVIX387B9	rs104895464	chr16:50712283	A	ENSG00000167207	ENST00000300589	missense_variant
QRVIX387B9	rs104895464	chr16:50712283	A	ENSG00000167207	ENST00000524712	missense_variant,NMD_transcript_variant
QRVIX387B9	rs104895464	chr16:50712283	A	ENSG00000167207	ENST00000527052	missense_variant,NMD_transcript_variant
QRVIX387B9	rs104895464	chr16:50712283	A	ENSG00000167207	ENST00000529633	missense_variant,NMD_transcript_variant
QRVIX387B9	rs104895464	chr16:50712283	A	ENSG00000167207	ENST00000534057	missense_variant
QRVIX387B9	rs104895464	chr16:50712283	A	ENSG00000167207	ENST00000534067	missense_variant,NMD_transcript_variant
QRVIX387B9	rs5743291	chr16:50723365	A	ENSG00000167207	ENST00000300589	missense_variant
QRVIX387B9	rs5743291	chr16:50723365	A	ENSG00000167207	ENST00000534057	missense_variant
QRVIX388BH	rs2066842	chr16:50710713	T	ENSG00000167207	ENST00000300589	missense_variant
QRVIX388BH	rs2066844	chr16:50712015	T	ENSG00000167207	ENST00000300589	missense_variant
QRVIX389BP	rs2066842	chr16:50710713	T	ENSG00000167207	ENST00000300589	missense_variant
QRVIX389BP	rs2066844	chr16:50712015	T	ENSG00000167207	ENST00000300589	missense_variant
QRVIX389BP	rs104895447	chr16:50716931	G	ENSG00000167207	ENST00000300589	missense_variant
QRVIX389BP	rs2066847	chr16:50729867-50729868	C	ENSG00000167207	ENST00000300589	frameshift_variant
QRVIX390BS	rs2066842	chr16:50710713	T	ENSG00000167207	ENST00000300589	missense_variant
QRVIX390BS	rs2066844	chr16:50712015	T	ENSG00000167207	ENST00000300589	missense_variant
QRVIX391B2	rs5743291	chr16:50723365	A	ENSG00000167207	ENST00000300589	missense_variant
QRVIX391B2	rs5743291	chr16:50723365	A	ENSG00000167207	ENST00000534057	missense_variant
QRVIX393BI	rs5743291	chr16:50723365	A	ENSG00000167207	ENST00000300589	missense_variant
QRVIX393BI	rs5743291	chr16:50723365	A	ENSG00000167207	ENST00000534057	missense_variant
QRVIX394BQ	rs2066842	chr16:50710713	T	ENSG00000167207	ENST00000300589	missense_variant
QRVIX394BQ	rs2066847	chr16:50729867-50729868	C	ENSG00000167207	ENST00000300589	frameshift_variant
QRVIX395B0	rs2066842	chr16:50710713	T	ENSG00000167207	ENST00000300589	missense_variant
QRVIX395B0	rs2066847	chr16:50729867-50729868	C	ENSG00000167207	ENST00000300589	frameshift_variant
QRVIX396B8	rs2066842	chr16:50710713	T	ENSG00000167207	ENST00000300589	missense_variant
QRVIX396B8	rs2066847	chr16:50729867-50729868	C	ENSG00000167207	ENST00000300589	frameshift_variant
QRVIX398BO	rs2066842	chr16:50710713	T	ENSG00000167207	ENST00000300589	missense_variant
QRVIX398BO	rs2066847	chr16:50729867-50729868	C	ENSG00000167207	ENST00000300589	frameshift_variant
QRVIX400B5	rs2066842	chr16:50710713	T	ENSG00000167207	ENST00000300589	missense_variant
QRVIX400B5	rs2066844	chr16:50712015	T	ENSG00000167207	ENST00000300589	missense_variant
QRVIX400B5	rs5743277	chr16:50712018	T	ENSG00000167207	ENST00000300589	missense_variant
QRVIX402BL	rs5743291	chr16:50723365	A	ENSG00000167207	ENST00000300589	missense_variant
QRVIX402BL	rs5743291	chr16:50723365	A	ENSG00000167207	ENST00000534057	missense_variant
QRVIX404B3	rs2066842	chr16:50710713	T	ENSG00000167207	ENST00000300589	missense_variant
QRVIX404B3	rs2066844	chr16:50712015	T	ENSG00000167207	ENST00000300589	missense_variant
QRVIX405BB	rs2066842	chr16:50710713	T	ENSG00000167207	ENST00000300589	missense_variant
QRVIX406BJ	rs2066842	chr16:50710713	T	ENSG00000167207	ENST00000300589	missense_variant
QRVIX406BJ	rs2066847	chr16:50729867-50729868	C	ENSG00000167207	ENST00000300589	frameshift_variant
QRVIX407BR	rs2066842	chr16:50710713	T	ENSG00000167207	ENST00000300589	missense_variant
QRVIX407BR	rs2066845	chr16:50722629	C	ENSG00000167207	ENST00000300589	missense_variant
QRVIX407BR	rs2066845	chr16:50722629	C	ENSG00000167207	ENST00000534057	missense_variant
QRVIX407BR	rs5743291	chr16:50723365	A	ENSG00000167207	ENST00000300589	missense_variant
QRVIX407BR	rs5743291	chr16:50723365	A	ENSG00000167207	ENST00000534057	missense_variant
QRVIX408B1	rs2066842	chr16:50710713	T	ENSG00000167207	ENST00000300589	missense_variant
QRVIX410BC	rs2066842	chr16:50710713	T	ENSG00000167207	ENST00000300589	missense_variant
QRVIX411BK	rs2066842	chr16:50710713	T	ENSG00000167207	ENST00000300589	missense_variant
QRVIX411BK	rs2066847	chr16:50729867-50729868	C	ENSG00000167207	ENST00000300589	frameshift_variant
QRVIX412BS	rs5743277	chr16:50712018	T	ENSG00000167207	ENST00000300589	missense_variant
QRVIX412BS	rs5743291	chr16:50723365	A	ENSG00000167207	ENST00000300589	missense_variant
QRVIX412BS	rs5743291	chr16:50723365	A	ENSG00000167207	ENST00000534057	missense_variant
QRVIX414BA	rs2066842	chr16:50710713	T	ENSG00000167207	ENST00000300589	missense_variant
QRVIX414BA	rs2066847	chr16:50729867-50729868	C	ENSG00000167207	ENST00000300589	frameshift_variant
QRVIX415BI	rs2066842	chr16:50710713	T	ENSG00000167207	ENST00000300589	missense_variant
QRVIX418B8	rs2066842	chr16:50710713	T	ENSG00000167207	ENST00000300589	missense_variant
QRVIX419BG	rs5743291	chr16:50723365	A	ENSG00000167207	ENST00000300589	missense_variant
QRVIX419BG	rs5743291	chr16:50723365	A	ENSG00000167207	ENST00000534057	missense_variant
QRVIX420BJ	rs5743291	chr16:50723365	A	ENSG00000167207	ENST00000300589	missense_variant
QRVIX420BJ	rs5743291	chr16:50723365	A	ENSG00000167207	ENST00000534057	missense_variant
QRVIX421BR	rs2066842	chr16:50710713	T	ENSG00000167207	ENST00000300589	missense_variant
QRVIX421BR	rs5743291	chr16:50723365	A	ENSG00000167207	ENST00000300589	missense_variant
QRVIX421BR	rs5743291	chr16:50723365	A	ENSG00000167207	ENST00000534057	missense_variant
QRVIX421BR	rs2066847	chr16:50729867-50729868	C	ENSG00000167207	ENST00000300589	frameshift_variant
QRVIX422B1	rs61747625	chr16:50712175	T	ENSG00000167207	ENST00000300589	missense_variant
QRVIX422B1	rs5743291	chr16:50723365	A	ENSG00000167207	ENST00000300589	missense_variant
QRVIX422B1	rs5743291	chr16:50723365	A	ENSG00000167207	ENST00000534057	missense_variant
QRVIX424BH	rs104895464	chr16:50712283	A	ENSG00000167207	ENST00000300589	missense_variant
QRVIX424BH	rs104895464	chr16:50712283	A	ENSG00000167207	ENST00000524712	missense_variant,NMD_transcript_variant
QRVIX424BH	rs104895464	chr16:50712283	A	ENSG00000167207	ENST00000527052	missense_variant,NMD_transcript_variant
QRVIX424BH	rs104895464	chr16:50712283	A	ENSG00000167207	ENST00000529633	missense_variant,NMD_transcript_variant
QRVIX424BH	rs104895464	chr16:50712283	A	ENSG00000167207	ENST00000534057	missense_variant
QRVIX424BH	rs104895464	chr16:50712283	A	ENSG00000167207	ENST00000534067	missense_variant,NMD_transcript_variant
QRVIX424BH	rs5743291	chr16:50723365	A	ENSG00000167207	ENST00000300589	missense_variant
QRVIX424BH	rs5743291	chr16:50723365	A	ENSG00000167207	ENST00000534057	missense_variant
QRVIX425BP	rs5743291	chr16:50723365	A	ENSG00000167207	ENST00000300589	missense_variant
QRVIX425BP	rs5743291	chr16:50723365	A	ENSG00000167207	ENST00000534057	missense_variant
QRVIX426BX	rs2066842	chr16:50710713	T	ENSG00000167207	ENST00000300589	missense_variant
QRVIX426BX	rs2066847	chr16:50729867-50729868	C	ENSG00000167207	ENST00000300589	frameshift_variant
QRVIX427B7	rs2066842	chr16:50710713	T	ENSG00000167207	ENST00000300589	missense_variant
QRVIX428BF	rs104895423	chr16:50710654	G	ENSG00000167207	ENST00000300589	missense_variant
QRVIX428BF	rs2066842	chr16:50710713	T	ENSG00000167207	ENST00000300589	missense_variant
QRVIX428BF	rs2066847	chr16:50729867-50729868	C	ENSG00000167207	ENST00000300589	frameshift_variant
QRVIX430BQ	rs2066842	chr16:50710713	T	ENSG00000167207	ENST00000300589	missense_variant
QRVIX431B0	rs2066842	chr16:50710713	T	ENSG00000167207	ENST00000300589	missense_variant
QRVIX431B0	rs2066845	chr16:50722629	C	ENSG00000167207	ENST00000300589	missense_variant
QRVIX431B0	rs2066845	chr16:50722629	C	ENSG00000167207	ENST00000534057	missense_variant
QRVIX432B8	rs2066842	chr16:50710713	T	ENSG00000167207	ENST00000300589	missense_variant
QRVIX432B8	rs2066844	chr16:50712015	T	ENSG00000167207	ENST00000300589	missense_variant
QRVIX433BG	rs2066842	chr16:50710713	T	ENSG00000167207	ENST00000300589	missense_variant
QRVIX433BG	rs2066844	chr16:50712015	T	ENSG00000167207	ENST00000300589	missense_variant
QRVIX434BO	rs2066842	chr16:50710713	T	ENSG00000167207	ENST00000300589	missense_variant
QRVIX434BO	rs2066844	chr16:50712015	T	ENSG00000167207	ENST00000300589	missense_variant
QRVIX434BO	chr16_50712208_A/G	chr16:50712208	G	ENSG00000167207	ENST00000300589	missense_variant
QRVIX434BO	chr16_50712208_A/G	chr16:50712208	G	ENSG00000167207	ENST00000524712	missense_variant,NMD_transcript_variant
QRVIX434BO	chr16_50712208_A/G	chr16:50712208	G	ENSG00000167207	ENST00000527052	missense_variant,NMD_transcript_variant
QRVIX434BO	chr16_50712208_A/G	chr16:50712208	G	ENSG00000167207	ENST00000529633	missense_variant,NMD_transcript_variant
QRVIX434BO	chr16_50712208_A/G	chr16:50712208	G	ENSG00000167207	ENST00000534057	missense_variant
QRVIX434BO	chr16_50712208_A/G	chr16:50712208	G	ENSG00000167207	ENST00000534067	missense_variant,NMD_transcript_variant
QRVIX436B6	rs2066842	chr16:50710713	T	ENSG00000167207	ENST00000300589	missense_variant
QRVIX436B6	rs5743291	chr16:50723365	A	ENSG00000167207	ENST00000300589	missense_variant
QRVIX436B6	rs5743291	chr16:50723365	A	ENSG00000167207	ENST00000534057	missense_variant
QRVIX436B6	rs2066847	chr16:50729867-50729868	C	ENSG00000167207	ENST00000300589	frameshift_variant
QRVIX437BE	rs2066842	chr16:50710713	T	ENSG00000167207	ENST00000300589	missense_variant
QRVIX437BE	rs2066844	chr16:50712015	T	ENSG00000167207	ENST00000300589	missense_variant
QRVIX437BE	rs5743291	chr16:50723365	A	ENSG00000167207	ENST00000300589	missense_variant
QRVIX437BE	rs5743291	chr16:50723365	A	ENSG00000167207	ENST00000534057	missense_variant
QRVIX438BM	rs2066842	chr16:50710713	T	ENSG00000167207	ENST00000300589	missense_variant
QRVIX438BM	rs2066844	chr16:50712015	T	ENSG00000167207	ENST00000300589	missense_variant
QRVIX439BU	rs2066842	chr16:50710713	T	ENSG00000167207	ENST00000300589	missense_variant
QRVIX439BU	rs2066844	chr16:50712015	T	ENSG00000167207	ENST00000300589	missense_variant
QRVIX439BU	rs2066847	chr16:50729867-50729868	C	ENSG00000167207	ENST00000300589	frameshift_variant
QRVIX440BX	rs2066842	chr16:50710713	T	ENSG00000167207	ENST00000300589	missense_variant
QRVIX440BX	chr16_50711886_G/A	chr16:50711886	A	ENSG00000167207	ENST00000300589	missense_variant
QRVIX440BX	rs2066847	chr16:50729867-50729868	C	ENSG00000167207	ENST00000300589	frameshift_variant
NGS01QIBDO172A2	rs5743277	chr16:50712018	T	ENSG00000167207	ENST00000300589	missense_variant
NGS01QIBDO172A2	rs104895464	chr16:50712283	A	ENSG00000167207	ENST00000300589	missense_variant
NGS01QIBDO172A2	rs104895464	chr16:50712283	A	ENSG00000167207	ENST00000524712	missense_variant,NMD_transcript_variant
NGS01QIBDO172A2	rs104895464	chr16:50712283	A	ENSG00000167207	ENST00000527052	missense_variant,NMD_transcript_variant
NGS01QIBDO172A2	rs104895464	chr16:50712283	A	ENSG00000167207	ENST00000529633	missense_variant,NMD_transcript_variant
NGS01QIBDO172A2	rs104895464	chr16:50712283	A	ENSG00000167207	ENST00000534057	missense_variant
NGS01QIBDO172A2	rs104895464	chr16:50712283	A	ENSG00000167207	ENST00000534067	missense_variant,NMD_transcript_variant
NGS01QIBDO173AA	rs104895444	chr16:50712288	A	ENSG00000167207	ENST00000300589	missense_variant
NGS01QIBDO173AA	rs104895444	chr16:50712288	A	ENSG00000167207	ENST00000524712	missense_variant,NMD_transcript_variant
NGS01QIBDO173AA	rs104895444	chr16:50712288	A	ENSG00000167207	ENST00000527052	missense_variant,NMD_transcript_variant
NGS01QIBDO173AA	rs104895444	chr16:50712288	A	ENSG00000167207	ENST00000529633	missense_variant,NMD_transcript_variant
NGS01QIBDO173AA	rs104895444	chr16:50712288	A	ENSG00000167207	ENST00000534057	missense_variant
NGS01QIBDO173AA	rs104895444	chr16:50712288	A	ENSG00000167207	ENST00000534067	missense_variant,NMD_transcript_variant
NGS01QIBDO173AA	rs5743291	chr16:50723365	A	ENSG00000167207	ENST00000300589	missense_variant
NGS01QIBDO173AA	rs5743291	chr16:50723365	A	ENSG00000167207	ENST00000534057	missense_variant
NGS01QIBDO174AI	rs2066842	chr16:50710713	T	ENSG00000167207	ENST00000300589	missense_variant
NGS01QIBDO174AI	rs2066845	chr16:50722629	C	ENSG00000167207	ENST00000300589	missense_variant
NGS01QIBDO174AI	rs2066845	chr16:50722629	C	ENSG00000167207	ENST00000534057	missense_variant
NGS01QIBDO174AI	rs5743291	chr16:50723365	A	ENSG00000167207	ENST00000300589	missense_variant
NGS01QIBDO174AI	rs5743291	chr16:50723365	A	ENSG00000167207	ENST00000534057	missense_variant
NGS01QIBDO175AQ	rs2066842	chr16:50710713	T	ENSG00000167207	ENST00000300589	missense_variant
NGS01QIBDO175AQ	rs61747625	chr16:50712175	T	ENSG00000167207	ENST00000300589	missense_variant
NGS01QIBDO175AQ	rs2066847	chr16:50729867-50729868	C	ENSG00000167207	ENST00000300589	frameshift_variant
NGS01QIBDO176A0	rs2066842	chr16:50710713	T	ENSG00000167207	ENST00000300589	missense_variant
NGS01QIBDO176A0	rs2066847	chr16:50729867-50729868	C	ENSG00000167207	ENST00000300589	frameshift_variant
NGS01QIBDO177A8	rs2066842	chr16:50710713	T	ENSG00000167207	ENST00000300589	missense_variant
NGS01QIBDO177A8	rs2066844	chr16:50712015	T	ENSG00000167207	ENST00000300589	missense_variant
NGS01QIBDO177A8	rs5743277	chr16:50712018	T	ENSG00000167207	ENST00000300589	missense_variant
NGS01QIBDO178AG	rs2066842	chr16:50710713	T	ENSG00000167207	ENST00000300589	missense_variant
NGS01QIBDO179AO	rs2066842	chr16:50710713	T	ENSG00000167207	ENST00000300589	missense_variant
NGS01QIBDO179AO	rs2066844	chr16:50712015	T	ENSG00000167207	ENST00000300589	missense_variant
NGS01QIBDO180AR	rs2066842	chr16:50710713	T	ENSG00000167207	ENST00000300589	missense_variant
NGS01QIBDO182A9	rs5743291	chr16:50723365	A	ENSG00000167207	ENST00000300589	missense_variant
NGS01QIBDO182A9	rs5743291	chr16:50723365	A	ENSG00000167207	ENST00000534057	missense_variant
NGS01QIBDO182A9	rs367905706	chr16:50729880	G	ENSG00000167207	ENST00000300589	missense_variant
NGS01QIBDO184AP	rs2066842	chr16:50710713	T	ENSG00000167207	ENST00000300589	missense_variant
NGS01QIBDO184AP	rs2066847	chr16:50729867-50729868	C	ENSG00000167207	ENST00000300589	frameshift_variant
NGS01QIBDO184AP	rs367905706	chr16:50729880	G	ENSG00000167207	ENST00000300589	missense_variant
NGS01QIBDO185AX	rs2066842	chr16:50710713	T	ENSG00000167207	ENST00000300589	missense_variant
NGS01QIBDO186A7	rs2066842	chr16:50710713	T	ENSG00000167207	ENST00000300589	missense_variant
NGS01QIBDO186A7	rs2066847	chr16:50729867-50729868	C	ENSG00000167207	ENST00000300589	frameshift_variant
NGS01QIBDO187AF	rs2066842	chr16:50710713	T	ENSG00000167207	ENST00000300589	missense_variant
NGS01QIBDO187AF	rs2066847	chr16:50729867-50729868	C	ENSG00000167207	ENST00000300589	frameshift_variant
NGS01QIBDO188AN	rs2066842	chr16:50710713	T	ENSG00000167207	ENST00000300589	missense_variant
NGS01QIBDO188AN	rs5743277	chr16:50712018	T	ENSG00000167207	ENST00000300589	missense_variant
NGS01QIBDO188AN	rs2066847	chr16:50729867-50729868	C	ENSG00000167207	ENST00000300589	frameshift_variant
NGS01QIBDO189AV	rs2066842	chr16:50710713	T	ENSG00000167207	ENST00000300589	missense_variant
NGS01QIBDO189AV	rs2066844	chr16:50712015	T	ENSG00000167207	ENST00000300589	missense_variant
NGS01QIBDO190A0	rs2066842	chr16:50710713	T	ENSG00000167207	ENST00000300589	missense_variant
NGS01QIBDO190A0	rs2066845	chr16:50722629	C	ENSG00000167207	ENST00000300589	missense_variant
NGS01QIBDO190A0	rs2066845	chr16:50722629	C	ENSG00000167207	ENST00000534057	missense_variant
NGS01QIBDO191A8	rs2066842	chr16:50710713	T	ENSG00000167207	ENST00000300589	missense_variant
NGS01QIBDO192AG	rs2066842	chr16:50710713	T	ENSG00000167207	ENST00000300589	missense_variant
NGS01QIBDO192AG	rs2066847	chr16:50729867-50729868	C	ENSG00000167207	ENST00000300589	frameshift_variant
NGS01QIBDO193AO	rs2066842	chr16:50710713	T	ENSG00000167207	ENST00000300589	missense_variant
NGS01QIBDO193AO	rs104895467	chr16:50716899	G	ENSG00000167207	ENST00000300589	missense_variant
